Source Module,Imported Module
config.risk_config_loader,core.logging_manager
config.scoring_config_loader,core.logging_manager
core.auth.auth_manager,config.config
core.auth.auth_manager,core.logging_manager
core.debug.trade_monitor,core.logging_manager
core.execution.charges_engine,core.logging_manager
core.execution.paper_broker,config.config
core.execution.paper_broker,core.execution.order
core.execution.paper_broker,core.execution.position
core.execution.paper_broker,core.execution.tradebook
core.execution.paper_broker,core.logging_manager
core.execution.paper_execution_engine,config.config
core.execution.paper_execution_engine,core.execution.execution_result
core.execution.paper_execution_engine,core.logging_manager
core.execution.paper_execution_engine,core.positions.position
core.execution.paper_execution_engine,core.positions.position_manager
core.execution.tradebook,core.execution.position
core.execution.tradebook,core.logging_manager
core.execution.tradebook,database.db_manager
core.indicators.atr,core.indicators.indicator_base
core.indicators.atr,core.market_data.candle
core.indicators.awvap,core.indicators.indicator_base
core.indicators.awvap,core.logging_manager
core.indicators.awvap,core.market_data.candle
core.indicators.cvd,core.indicators.indicator_base
core.indicators.cvd,core.logging_manager
core.indicators.ema,core.indicators.indicator_base
core.indicators.ema,core.market_data.candle
core.indicators.indicator_base,core.market_data.candle
core.indicators.indicator_manager,core.indicators.indicator_base
core.indicators.indicator_manager,core.logging_manager
core.indicators.indicator_manager,core.market_data.candle
core.indicators.liquidity_delta,core.indicators.indicator_base
core.indicators.liquidity_delta,core.logging_manager
core.indicators.moving_average,core.indicators.indicator_base
core.indicators.moving_average,core.logging_manager
core.indicators.moving_average,core.market_data.candle
core.indicators.rvol,core.indicators.indicator_base
core.indicators.rvol,core.market_data.candle
core.indicators.vwap,core.indicators.indicator_base
core.indicators.vwap,core.logging_manager
core.indicators.vwap,core.market_data.candle
core.indicators.vwap,core.market_data.market_clock
core.indicators.vwma,core.indicators.indicator_base
core.indicators.vwma,core.logging_manager
core.indicators.vwma,core.market_data.candle
core.instruments.instrument_manager,core.logging_manager
core.instruments.instrument_updater,config.config
core.instruments.instrument_updater,core.logging_manager
core.instruments.symbol_registry,core.instruments.token_resolver
core.instruments.symbol_registry,core.logging_manager
core.instruments.token_resolver,core.instruments.instrument_manager
core.instruments.token_resolver,core.logging_manager
core.journal.trade_journal_manager,core.journal.trade_feature_snapshot
core.journal.trade_journal_manager,core.journal.trade_metrics_snapshot
core.journal.trade_journal_manager,core.journal.trade_snapshot
core.journal.trade_journal_manager,database.db_manager
core.logging_manager,config.config
core.market_data.candle_builder,core.logging_manager
core.market_data.candle_builder,core.market_data.candle
core.market_data.candle_builder,core.market_data.market_clock
core.market_data.market_clock,config.config
core.market_data.market_clock,core.logging_manager
core.market_data.timeframe_manager,config.config
core.market_data.timeframe_manager,core.logging_manager
core.market_data.timeframe_manager,core.market_data.candle
core.market_data.timeframe_manager,core.market_data.candle_builder
core.market_data.timeframe_manager,core.market_data.market_clock
core.positions.position_manager,core.execution.charges_engine
core.positions.position_manager,core.logging_manager
core.positions.position_manager,core.positions.position
core.risk.position_sizing_engine,config.risk_config_loader
core.risk.position_sizing_engine,core.logging_manager
core.risk.position_sizing_engine,core.risk.position_size_decision
core.risk.risk_engine,config.config
core.risk.risk_engine,core.logging_manager
core.risk.risk_engine,core.risk.risk_decision
core.session.session_manager,config.config
core.session.session_manager,core.auth.auth_manager
core.session.session_manager,core.logging_manager
core.signals.crossover_signal,core.indicators.indicator_base
core.signals.crossover_signal,core.logging_manager
core.signals.crossover_signal,core.signals.signal
core.signals.orderflow_signal,core.indicators.cvd
core.signals.orderflow_signal,core.indicators.liquidity_delta
core.signals.orderflow_signal,core.logging_manager
core.signals.orderflow_signal,core.signals.signal
core.signals.signal_manager,core.logging_manager
core.signals.signal_manager,core.signals.signal
core.signals.vwap_signal,core.indicators.vwap
core.signals.vwap_signal,core.logging_manager
core.signals.vwap_signal,core.market_data.candle
core.signals.vwap_signal,core.signals.signal
core.strategy.multifactor_strategy,config.config
core.strategy.multifactor_strategy,config.scoring_config_loader
core.strategy.multifactor_strategy,core.logging_manager
core.strategy.multifactor_strategy,core.strategy.multifactor_decision
core.strategy.orderflow_strategy,core.strategy.crossover_strategy
core.strategy.trade_decision_engine,config.scoring_config_loader
core.strategy.trade_decision_engine,core.logging_manager
core.strategy.trade_decision_engine,core.strategy.trade_decision
core.strategy.~~~crossover_strategy LEGACY,core.logging_manager
core.strategy.~~~crossover_strategy LEGACY,core.signals.signal
core.strategy.~~~crossover_strategy LEGACY,core.strategy.strategy_base
core.strategy.~~~crossover_strategy LEGACY,core.strategy.trade_intent
core.strategy.~~~strategy_base LEGACY,core.logging_manager
core.strategy.~~~strategy_base LEGACY,core.signals.signal
core.strategy.~~~strategy_base LEGACY,core.strategy.trade_intent
core.strategy.~~~strategy_manager LEGACY,core.logging_manager
core.strategy.~~~strategy_manager LEGACY,core.signals.signal
core.strategy.~~~strategy_manager LEGACY,core.strategy.strategy_base
core.trade_management.exit_rules,config.config
core.trade_management.exit_rules,core.trade_management.exit_decision
core.trade_management.trade_manager,core.logging_manager
core.trade_management.trade_manager,core.positions.position_manager
core.trade_management.trade_manager,core.trade_management.exit_decision
core.trade_management.trade_manager,core.trade_management.exit_rules
core.trade_management.trade_manager,core.trade_management.trailing_stop_manager
core.trade_management.trade_manager,runtime.trade_pipeline
core.trade_management.trailing_stop_manager,core.positions.position
core.watchdog.heartbeat_monitor,config.config
core.watchdog.heartbeat_monitor,core.logging_manager
core.websocket.reconnect_manager,config.config
core.websocket.reconnect_manager,core.logging_manager
core.websocket.subscription_manager,core.instruments.symbol_registry
core.websocket.subscription_manager,core.logging_manager
core.websocket.websocket_manager,config.config
core.websocket.websocket_manager,core.logging_manager
core.websocket.websocket_manager,core.session.session_manager
core.websocket.websocket_manager,core.websocket.depth_queue
core.websocket.websocket_manager,core.websocket.tick_queue
database.db_manager,config.config
debug_runtime,core.debug.trade_monitor
debug_runtime,core.logging_manager
debug_runtime,runtime.runtime_engine
main,core.logging_manager
main,database.db_manager
runtime.candle_runtime,config.config
runtime.candle_runtime,core.market_data.candle
runtime.candle_runtime,core.market_data.candle_builder
runtime.candle_runtime,core.market_data.market_clock
runtime.candle_runtime,runtime.tick_processor
runtime.depth_processor,core.logging_manager
runtime.depth_processor,core.websocket.depth_queue
runtime.depth_processor,runtime.orderflow_runtime
runtime.indicator_registration,config.config
runtime.indicator_registration,core.indicators.atr
runtime.indicator_registration,core.indicators.awvap
runtime.indicator_registration,core.indicators.cvd
runtime.indicator_registration,core.indicators.liquidity_delta
runtime.indicator_registration,core.indicators.moving_average
runtime.indicator_registration,core.indicators.rvol
runtime.indicator_registration,core.indicators.vwap
runtime.indicator_registration,core.indicators.vwma
runtime.indicator_registration,core.instruments.symbol_registry
runtime.indicator_registration,core.market_data.market_clock
runtime.indicator_registration,runtime.indicator_runtime
runtime.indicator_runtime,core.indicators.indicator_manager
runtime.indicator_runtime,core.logging_manager
runtime.indicator_runtime,core.market_data.candle
runtime.multifactor_runtime,core.logging_manager
runtime.multifactor_runtime,core.risk.position_sizing_engine
runtime.multifactor_runtime,core.strategy.multifactor_decision
runtime.multifactor_runtime,core.strategy.multifactor_strategy
runtime.multifactor_runtime,core.strategy.trade_context
runtime.multifactor_runtime,core.strategy.trade_decision_engine
runtime.multifactor_runtime,runtime.indicator_runtime
runtime.multifactor_runtime,runtime.trade_pipeline
runtime.orderflow_registration,core.indicators.cvd
runtime.orderflow_registration,core.indicators.liquidity_delta
runtime.orderflow_registration,core.instruments.symbol_registry
runtime.orderflow_registration,runtime.orderflow_runtime
runtime.orderflow_runtime,core.indicators.cvd
runtime.orderflow_runtime,core.indicators.liquidity_delta
runtime.orderflow_runtime,core.logging_manager
runtime.runtime_engine,config.config
runtime.runtime_engine,core.execution.paper_execution_engine
runtime.runtime_engine,core.instruments.instrument_manager
runtime.runtime_engine,core.instruments.symbol_registry
runtime.runtime_engine,core.instruments.token_resolver
runtime.runtime_engine,core.journal.trade_journal_manager
runtime.runtime_engine,core.logging_manager
runtime.runtime_engine,core.market_data.market_clock
runtime.runtime_engine,core.market_data.timeframe_manager
runtime.runtime_engine,core.positions.position_manager
runtime.runtime_engine,core.risk.position_sizing_engine
runtime.runtime_engine,core.risk.risk_engine
runtime.runtime_engine,core.session.session_manager
runtime.runtime_engine,core.strategy.trade_decision_engine
runtime.runtime_engine,core.trade_management.trade_manager
runtime.runtime_engine,core.websocket.depth_queue
runtime.runtime_engine,core.websocket.subscription_manager
runtime.runtime_engine,core.websocket.tick_queue
runtime.runtime_engine,core.websocket.websocket_manager
runtime.runtime_engine,database.db_manager
runtime.runtime_engine,runtime.depth_processor
runtime.runtime_engine,runtime.indicator_registration
runtime.runtime_engine,runtime.indicator_runtime
runtime.runtime_engine,runtime.multifactor_runtime
runtime.runtime_engine,runtime.orderflow_registration
runtime.runtime_engine,runtime.orderflow_runtime
runtime.runtime_engine,runtime.signal_registration
runtime.runtime_engine,runtime.signal_runtime
runtime.runtime_engine,runtime.tick_processor
runtime.runtime_engine,runtime.trade_pipeline
runtime.runtime_engine,runtime.trading_runtime
runtime.runtime_engine,utils.watchlist_loader
runtime.signal_registration,config.config
runtime.signal_registration,core.indicators.ema
runtime.signal_registration,core.indicators.rvol
runtime.signal_registration,core.indicators.vwap
runtime.signal_registration,core.instruments.symbol_registry
runtime.signal_registration,core.signals.crossover_signal
runtime.signal_registration,core.signals.vwap_signal
runtime.signal_registration,runtime.indicator_runtime
runtime.signal_registration,runtime.signal_runtime
runtime.signal_runtime,core.logging_manager
runtime.signal_runtime,core.market_data.candle
runtime.signal_runtime,core.signals.crossover_signal
runtime.signal_runtime,core.signals.signal
runtime.signal_runtime,core.signals.signal_manager
runtime.signal_runtime,core.signals.vwap_signal
runtime.tick_processor,core.logging_manager
runtime.tick_processor,core.market_data.timeframe_manager
runtime.tick_processor,core.websocket.tick_queue
runtime.tick_processor,runtime.indicator_runtime
runtime.tick_processor,runtime.multifactor_runtime
runtime.tick_processor,runtime.orderflow_runtime
runtime.tick_processor,runtime.signal_runtime
runtime.trade_pipeline,core.debug.trade_monitor
runtime.trade_pipeline,core.execution.paper_execution_engine
runtime.trade_pipeline,core.journal.trade_feature_snapshot
runtime.trade_pipeline,core.journal.trade_journal_manager
runtime.trade_pipeline,core.journal.trade_metrics_snapshot
runtime.trade_pipeline,core.journal.trade_snapshot
runtime.trade_pipeline,core.logging_manager
runtime.trade_pipeline,core.risk.position_sizing_engine
runtime.trade_pipeline,core.risk.risk_engine
runtime.trade_pipeline,core.strategy.trade_context
runtime.trade_pipeline,core.strategy.trade_decision_engine
runtime.trade_pipeline,utils.market_time
runtime.trading_cycle_engine,core.logging_manager
runtime.trading_cycle_engine,runtime.candle_runtime
runtime.trading_cycle_engine,runtime.indicator_runtime
runtime.trading_cycle_engine,runtime.tick_processor
runtime.trading_cycle_engine,runtime.trading_runtime
runtime.trading_engine,core.logging_manager
runtime.trading_engine,core.strategy.trade_context
runtime.trading_engine,runtime.trade_pipeline
runtime.trading_runtime,core.logging_manager
runtime.trading_runtime,core.trade_management.trade_manager
runtime.trading_runtime,runtime.tick_processor
runtime.~~~strategy_factory LEGACY,config.config
runtime.~~~strategy_factory LEGACY,core.indicators.atr
runtime.~~~strategy_factory LEGACY,core.indicators.awvap
runtime.~~~strategy_factory LEGACY,core.indicators.cvd
runtime.~~~strategy_factory LEGACY,core.indicators.liquidity_delta
runtime.~~~strategy_factory LEGACY,core.indicators.moving_average
runtime.~~~strategy_factory LEGACY,core.indicators.rvol
runtime.~~~strategy_factory LEGACY,core.indicators.vwap
runtime.~~~strategy_factory LEGACY,core.indicators.vwma
runtime.~~~strategy_factory LEGACY,core.market_data.market_clock
runtime.~~~strategy_factory LEGACY,core.strategy.multifactor_strategy
runtime.~~~strategy_factory LEGACY,runtime.indicator_runtime
runtime.~~~strategy_runtime-Legacy,core.logging_manager
runtime.~~~strategy_runtime-Legacy,core.signals.signal
runtime.~~~strategy_runtime-Legacy,core.strategy.strategy_base
runtime.~~~strategy_runtime-Legacy,core.strategy.trade_intent
tests.TEMP_GETNAMEs,config.config
tests.TEMP_test_auth,core.auth.auth_manager
tests.TEMP_test_auth,core.logging_manager
tests.test_atr,core.indicators.atr
tests.test_atr,core.market_data.candle
tests.test_atr_runtime,core.indicators.atr
tests.test_atr_runtime,core.market_data.candle
tests.test_auth_runtime,core.auth.auth_manager
tests.test_auth_runtime,core.logging_manager
tests.test_awvap,core.indicators.awvap
tests.test_awvap,core.market_data.candle
tests.test_awvap_runtime,core.indicators.awvap
tests.test_awvap_runtime,core.market_data.candle
tests.test_candle_indicator_runtime,core.indicators.moving_average
tests.test_candle_indicator_runtime,core.websocket.tick_queue
tests.test_candle_indicator_runtime,runtime.candle_runtime
tests.test_candle_indicator_runtime,runtime.indicator_runtime
tests.test_candle_indicator_runtime,runtime.tick_processor
tests.test_candle_rollover,config.config
tests.test_candle_rollover,core.market_data.candle_builder
tests.test_candle_rollover,core.market_data.market_clock
tests.test_config,config.config
tests.test_crossover_signal,core.indicators.moving_average
tests.test_crossover_signal,core.market_data.candle
tests.test_crossover_signal,core.signals.crossover_signal
tests.test_cvd,core.indicators.cvd
tests.test_cvd_runtime,core.indicators.cvd
tests.test_database,database.db_manager
tests.test_end_to_end_runtime,core.execution.paper_broker
tests.test_end_to_end_runtime,core.execution.tradebook
tests.test_end_to_end_runtime,core.indicators.moving_average
tests.test_end_to_end_runtime,core.logging_manager
tests.test_end_to_end_runtime,core.market_data.candle
tests.test_end_to_end_runtime,core.signals.crossover_signal
tests.test_end_to_end_runtime,core.strategy.crossover_strategy
tests.test_end_to_end_runtime,database.db_manager
tests.test_end_to_end_v2,core.execution.paper_execution_engine
tests.test_end_to_end_v2,core.indicators.moving_average
tests.test_end_to_end_v2,core.market_data.candle
tests.test_end_to_end_v2,core.positions.position_manager
tests.test_end_to_end_v2,core.risk.risk_engine
tests.test_end_to_end_v2,core.signals.crossover_signal
tests.test_end_to_end_v2,core.strategy.crossover_strategy
tests.test_end_to_end_v2,core.trade_management.trade_manager
tests.test_heartbeat_monitor,core.watchdog.heartbeat_monitor
tests.test_indicator_runtime,core.indicators.moving_average
tests.test_indicator_runtime,core.market_data.candle
tests.test_indicator_runtime,runtime.indicator_runtime
tests.test_indicator_signal_flow,core.indicators.ema
tests.test_indicator_signal_flow,core.indicators.rvol
tests.test_indicator_signal_flow,core.indicators.vwap
tests.test_indicator_signal_flow,core.market_data.candle
tests.test_indicator_signal_flow,core.market_data.market_clock
tests.test_indicator_signal_flow,core.signals.crossover_signal
tests.test_indicator_signal_flow,core.signals.vwap_signal
tests.test_indicator_signal_flow,runtime.indicator_runtime
tests.test_indicator_signal_flow,runtime.signal_runtime
tests.test_indicator_signal_runtime,core.indicators.moving_average
tests.test_indicator_signal_runtime,core.market_data.candle
tests.test_indicator_signal_runtime,core.signals.crossover_signal
tests.test_indicator_signal_runtime,runtime.indicator_runtime
tests.test_indicator_signal_runtime,runtime.signal_runtime
tests.test_instrument_lookup,config.config
tests.test_instrument_lookup,core.instruments.instrument_manager
tests.test_instrument_updater,core.instruments.instrument_updater
tests.test_liquidity_delta,core.indicators.liquidity_delta
tests.test_liquidity_delta_runtime,core.indicators.liquidity_delta
tests.test_live_candle_builder,runtime.candle_runtime
tests.test_live_candle_builder,runtime.runtime_engine
tests.test_live_candle_builder,runtime.tick_processor
tests.test_live_market_feed,core.instruments.instrument_manager
tests.test_live_market_feed,core.instruments.symbol_registry
tests.test_live_market_feed,core.instruments.token_resolver
tests.test_live_market_feed,core.logging_manager
tests.test_live_market_feed,core.session.session_manager
tests.test_live_market_feed,core.watchdog.heartbeat_monitor
tests.test_live_market_feed,core.websocket.subscription_manager
tests.test_live_market_feed,core.websocket.tick_queue
tests.test_live_market_feed,core.websocket.websocket_manager
tests.test_live_subscription_runtime,config.config
tests.test_live_subscription_runtime,core.auth.auth_manager
tests.test_live_subscription_runtime,core.instruments.instrument_manager
tests.test_live_subscription_runtime,core.instruments.symbol_registry
tests.test_live_subscription_runtime,core.instruments.token_resolver
tests.test_live_subscription_runtime,core.session.session_manager
tests.test_live_subscription_runtime,core.websocket.subscription_manager
tests.test_live_subscription_runtime,core.websocket.tick_queue
tests.test_live_subscription_runtime,core.websocket.websocket_manager
tests.test_live_subscription_runtime,utils.watchlist_loader
tests.test_logger,core.logging_manager
tests.test_moving_average,core.indicators.moving_average
tests.test_moving_average,core.market_data.candle
tests.test_multifactor_strategy,core.strategy.multifactor_strategy
tests.test_orderflow_runtime,core.indicators.cvd
tests.test_orderflow_runtime,core.indicators.liquidity_delta
tests.test_orderflow_runtime,runtime.orderflow_runtime
tests.test_orderflow_signal,core.indicators.cvd
tests.test_orderflow_signal,core.indicators.liquidity_delta
tests.test_orderflow_signal,core.signals.orderflow_signal
tests.test_orderflow_strategy,core.signals.signal
tests.test_orderflow_strategy,core.strategy.orderflow_strategy
tests.test_paper_execution,core.execution.paper_execution_engine
tests.test_paper_execution,core.positions.position_manager
tests.test_position_exit,core.execution.paper_execution_engine
tests.test_position_exit,core.positions.position_manager
tests.test_position_exit,core.trade_management.trade_manager
tests.test_position_manager,core.positions.position
tests.test_position_manager,core.positions.position_manager
tests.test_position_sizing_engine,core.risk.position_sizing_engine
tests.test_position_sizing_engine_v2,core.risk.position_sizing_engine
tests.test_risk_config_loader,config.risk_config_loader
tests.test_risk_engine,core.risk.risk_engine
tests.test_risk_lockout,core.positions.position
tests.test_risk_lockout,core.positions.position_manager
tests.test_risk_lockout,core.risk.risk_engine
tests.test_runtime_engine,runtime.runtime_engine
tests.test_runtime_engine_v11,runtime.runtime_engine
tests.test_runtime_startup,runtime.runtime_engine
tests.test_rvol,core.indicators.rvol
tests.test_rvol,core.market_data.candle
tests.test_rvol_runtime,core.indicators.rvol
tests.test_rvol_runtime,core.market_data.candle
tests.test_scoring_config_loader,config.scoring_config_loader
tests.test_signal_trading_engine_runtime,core.execution.paper_execution_engine
tests.test_signal_trading_engine_runtime,core.journal.trade_journal_manager
tests.test_signal_trading_engine_runtime,core.positions.position_manager
tests.test_signal_trading_engine_runtime,core.risk.risk_engine
tests.test_signal_trading_engine_runtime,core.strategy.multifactor_decision
tests.test_signal_trading_engine_runtime,database.db_manager
tests.test_signal_trading_engine_runtime,runtime.trade_pipeline
tests.test_signal_trading_engine_runtime,runtime.trading_engine
tests.test_snapquote_capture,runtime.runtime_engine
tests.test_stop_loss_exit,core.execution.paper_execution_engine
tests.test_stop_loss_exit,core.positions.position_manager
tests.test_stop_loss_exit,core.trade_management.trade_manager
tests.test_strategy_trading_engine_runtime,core.execution.paper_execution_engine
tests.test_strategy_trading_engine_runtime,core.journal.trade_journal_manager
tests.test_strategy_trading_engine_runtime,core.positions.position_manager
tests.test_strategy_trading_engine_runtime,core.risk.risk_engine
tests.test_strategy_trading_engine_runtime,core.strategy.multifactor_strategy
tests.test_strategy_trading_engine_runtime,database.db_manager
tests.test_strategy_trading_engine_runtime,runtime.strategy_runtime
tests.test_strategy_trading_engine_runtime,runtime.trade_pipeline
tests.test_strategy_trading_engine_runtime,runtime.trading_engine
tests.test_subscription_manager_runtime,config.config
tests.test_subscription_manager_runtime,core.instruments.instrument_manager
tests.test_subscription_manager_runtime,core.instruments.symbol_registry
tests.test_subscription_manager_runtime,core.instruments.token_resolver
tests.test_subscription_manager_runtime,core.websocket.subscription_manager
tests.test_subscription_manager_runtime,utils.watchlist_loader
tests.test_symbol_registry_runtime,config.config
tests.test_symbol_registry_runtime,core.instruments.instrument_manager
tests.test_symbol_registry_runtime,core.instruments.symbol_registry
tests.test_symbol_registry_runtime,core.instruments.token_resolver
tests.test_symbol_registry_runtime,utils.watchlist_loader
tests.test_tick_processor_runtime,runtime.runtime_engine
tests.test_tick_processor_runtime,runtime.tick_processor
tests.test_tick_queue,core.websocket.tick_queue
tests.test_timeframe_manager,config.config
tests.test_timeframe_manager,core.market_data.market_clock
tests.test_timeframe_manager,core.market_data.timeframe_manager
tests.test_trade_context,core.strategy.trade_context
tests.test_trade_database_schema,database.db_manager
tests.test_trade_decision_engine,core.strategy.trade_decision_engine
tests.test_trade_decision_engine_v2,core.strategy.trade_decision_engine
tests.test_trade_journal_data,database.db_manager
tests.test_trade_journal_lifecycle,core.execution.paper_execution_engine
tests.test_trade_journal_lifecycle,core.journal.trade_journal_manager
tests.test_trade_journal_lifecycle,core.positions.position_manager
tests.test_trade_journal_lifecycle,core.risk.risk_engine
tests.test_trade_journal_lifecycle,core.strategy.trade_context
tests.test_trade_journal_lifecycle,database.db_manager
tests.test_trade_journal_lifecycle,runtime.trade_pipeline
tests.test_trade_journal_manager,core.journal.trade_feature_snapshot
tests.test_trade_journal_manager,core.journal.trade_journal_manager
tests.test_trade_journal_manager,core.journal.trade_metrics_snapshot
tests.test_trade_journal_manager,core.journal.trade_snapshot
tests.test_trade_journal_manager,database.db_manager
tests.test_trade_lifecycle,core.execution.paper_execution_engine
tests.test_trade_lifecycle,core.indicators.moving_average
tests.test_trade_lifecycle,core.market_data.candle
tests.test_trade_lifecycle,core.positions.position_manager
tests.test_trade_lifecycle,core.risk.risk_engine
tests.test_trade_lifecycle,core.signals.crossover_signal
tests.test_trade_manager,core.execution.paper_execution_engine
tests.test_trade_manager,core.journal.trade_journal_manager
tests.test_trade_manager,core.positions.position_manager
tests.test_trade_manager,core.risk.risk_engine
tests.test_trade_manager,core.strategy.trade_context
tests.test_trade_manager,core.trade_management.trade_manager
tests.test_trade_manager,database.db_manager
tests.test_trade_manager,runtime.trade_pipeline
tests.test_trade_pipeline,core.execution.paper_execution_engine
tests.test_trade_pipeline,core.journal.trade_journal_manager
tests.test_trade_pipeline,core.positions.position_manager
tests.test_trade_pipeline,core.risk.risk_engine
tests.test_trade_pipeline,core.strategy.trade_context
tests.test_trade_pipeline,database.db_manager
tests.test_trade_pipeline,runtime.trade_pipeline
tests.test_trading_cycle_engine,core.execution.paper_execution_engine
tests.test_trading_cycle_engine,core.journal.trade_journal_manager
tests.test_trading_cycle_engine,core.positions.position_manager
tests.test_trading_cycle_engine,core.risk.risk_engine
tests.test_trading_cycle_engine,core.trade_management.trade_manager
tests.test_trading_cycle_engine,core.websocket.tick_queue
tests.test_trading_cycle_engine,database.db_manager
tests.test_trading_cycle_engine,runtime.candle_runtime
tests.test_trading_cycle_engine,runtime.indicator_runtime
tests.test_trading_cycle_engine,runtime.tick_processor
tests.test_trading_cycle_engine,runtime.trade_pipeline
tests.test_trading_cycle_engine,runtime.trading_cycle_engine
tests.test_trading_cycle_engine,runtime.trading_runtime
tests.test_trading_engine,core.execution.paper_execution_engine
tests.test_trading_engine,core.journal.trade_journal_manager
tests.test_trading_engine,core.positions.position_manager
tests.test_trading_engine,core.risk.risk_engine
tests.test_trading_engine,core.strategy.multifactor_decision
tests.test_trading_engine,database.db_manager
tests.test_trading_engine,runtime.trade_pipeline
tests.test_trading_engine,runtime.trading_engine
tests.test_trading_runtime,core.execution.paper_execution_engine
tests.test_trading_runtime,core.journal.trade_journal_manager
tests.test_trading_runtime,core.positions.position_manager
tests.test_trading_runtime,core.risk.risk_engine
tests.test_trading_runtime,core.trade_management.trade_manager
tests.test_trading_runtime,core.websocket.tick_queue
tests.test_trading_runtime,database.db_manager
tests.test_trading_runtime,runtime.tick_processor
tests.test_trading_runtime,runtime.trade_pipeline
tests.test_trading_runtime,runtime.trading_runtime
tests.test_vwap_signal,core.indicators.vwap
tests.test_vwap_signal,core.market_data.candle
tests.test_vwap_signal,core.market_data.market_clock
tests.test_vwap_signal,core.signals.vwap_signal
tests.test_watchlist_loader,config.config
tests.test_watchlist_loader,utils.watchlist_loader
tests.test_websocket_runtime,core.logging_manager
tests.test_websocket_runtime,core.session.session_manager
tests.test_websocket_runtime,core.websocket.tick_queue
tests.test_websocket_runtime,core.websocket.websocket_manager
tests.~~~test_strategy_factory LEGACY,runtime.indicator_runtime
tests.~~~test_strategy_factory LEGACY,runtime.strategy_factory
tests.~~~test_strategy_factory LEGACY,runtime.strategy_runtime
tests.~~~test_strategy_runtime LEGACY,core.strategy.multifactor_strategy
tests.~~~test_strategy_runtime LEGACY,runtime.strategy_runtime
utils.market_time,config.config
utils.watchlist_loader,core.logging_manager
