trade_id,symbol,segment,strategy_name,direction,entry_time,exit_time,quantity,entry_price,exit_price,stop_loss,target,score,confidence,risk_amount,risk_percent,gross_pnl,net_pnl,charges,exit_reason,trade_duration_seconds,status
1,INFY,NSE,MultiFactor,SHORT,2026-06-18T09:15:04.345138,2026-06-18T09:15:05.206767,87,1142.9,1134.4,1143.92,1140.87,-60.0,MEDIUM,500.0,0.5,739.5,739.5,0.0,TARGET,0,CLOSED
2,TCS,NSE,MultiFactor,SHORT,2026-06-18T09:15:04.374137,2026-06-18T09:15:05.213766,45,2209.0,2199.9,2209.96,2207.08,-60.0,MEDIUM,500.0,0.5,409.499999999996,409.499999999996,0.0,TARGET,0,CLOSED
3,RELIANCE,NSE,MultiFactor,SHORT,2026-06-18T09:15:04.396136,2026-06-18T09:15:05.217766,75,1330.0,1332.3,1330.19,1329.63,-60.0,MEDIUM,500.0,0.5,-172.499999999997,-172.499999999997,0.0,STOP_LOSS,0,CLOSED
4,HDFCBANK,NSE,MultiFactor,SHORT,2026-06-18T09:15:04.419136,2026-06-18T09:15:05.222768,127,786.5,788.3,786.54,786.42,-60.0,MEDIUM,500.0,0.5,-228.599999999994,-228.599999999994,0.0,STOP_LOSS,0,CLOSED
5,HDFCBANK,NSE,MultiFactor,LONG,2026-06-18T09:16:00.237590,2026-06-18T09:16:12.077599,126,788.35,789.5,787.87,789.31,60.0,MEDIUM,500.0,0.5,144.899999999997,144.899999999997,0.0,TARGET,11,CLOSED
6,RELIANCE,NSE,MultiFactor,SHORT,2026-06-18T09:16:00.257040,2026-06-18T09:16:01.941764,75,1328.0,1329.3,1328.83,1326.35,-60.0,MEDIUM,500.0,0.5,-97.4999999999966,-97.4999999999966,0.0,STOP_LOSS,1,CLOSED
7,TCS,NSE,MultiFactor,SHORT,2026-06-18T09:16:00.739441,2026-06-18T09:16:16.146515,45,2196.2,2197.0,2198.88,2190.84,-50.0,MEDIUM,250.0,0.25,-36.0000000000082,-36.0000000000082,0.0,STOP_LOSS,15,CLOSED
8,RELIANCE,NSE,MultiFactor,SHORT,2026-06-18T09:17:00.246938,2026-06-18T09:22:02.521658,75,1327.5,1327.5,1328.46,1325.58,-50.0,MEDIUM,250.0,0.25,0.0,0.0,0.0,STOP_LOSS,302,CLOSED
9,HDFCBANK,NSE,MultiFactor,STRONG_LONG,2026-06-18T09:17:00.527422,2026-06-18T09:17:49.523802,126,789.9,791.4,789.23,791.25,70.0,HIGH,500.0,0.5,189.0,189.0,0.0,TARGET,48,CLOSED
10,HDFCBANK,NSE,MultiFactor,STRONG_LONG,2026-06-18T09:18:00.544698,2026-06-18T09:24:28.814459,126,791.2,792.95,790.33,792.94,80.0,HIGH,625.0,0.625,220.5,220.5,0.0,TARGET,388,CLOSED
11,TCS,NSE,MultiFactor,SHORT,2026-06-18T09:24:00.381458,2026-06-18T09:30:25.064907,45,2191.8,2196.9,2196.2,2182.99,-60.0,MEDIUM,500.0,0.5,-229.499999999996,-229.499999999996,0.0,STOP_LOSS,384,CLOSED
12,HDFCBANK,NSE,MultiFactor,LONG,2026-06-18T09:25:00.522351,2026-06-18T09:34:30.329895,126,792.65,792.65,791.74,794.48,60.0,MEDIUM,500.0,0.5,0.0,0.0,0.0,STOP_LOSS,569,CLOSED
13,RELIANCE,NSE,MultiFactor,SHORT,2026-06-18T09:26:04.612827,2026-06-18T09:36:42.589802,75,1327.2,1324.2,1328.49,1324.61,-60.0,MEDIUM,500.0,0.5,225.0,225.0,0.0,TARGET,637,CLOSED
14,INFY,NSE,MultiFactor,SHORT,2026-06-18T09:35:00.197498,2026-06-18T09:45:31.801707,78,1128.6,1130.4,1131.78,1122.24,-50.0,MEDIUM,250.0,0.25,-140.400000000014,-140.400000000014,0.0,SYSTEM_SHUTDOWN,631,CLOSED
15,HDFCBANK,NSE,MultiFactor,STRONG_LONG,2026-06-18T09:35:00.211180,2026-06-18T09:39:59.963898,126,792.65,794.7,791.67,794.6,80.0,HIGH,625.0,0.625,258.300000000009,258.300000000009,0.0,TARGET,299,CLOSED
16,TCS,NSE,MultiFactor,SHORT,2026-06-18T09:35:00.230256,2026-06-18T09:36:08.106538,45,2192.7,2197.1,2197.08,2183.93,-60.0,MEDIUM,500.0,0.5,-198.000000000004,-198.000000000004,0.0,STOP_LOSS,67,CLOSED
17,HDFCBANK,NSE,MultiFactor,STRONG_LONG,2026-06-18T09:40:00.187931,2026-06-18T09:42:24.259853,125,794.7,796.75,793.69,796.72,80.0,HIGH,625.0,0.625,256.249999999994,256.249999999994,0.0,TARGET,144,CLOSED
18,HDFCBANK,NSE,MultiFactor,STRONG_LONG,2026-06-18T09:43:00.126417,2026-06-18T09:45:31.804705,125,797.2,798.5,796.04,799.52,80.0,HIGH,625.0,0.625,162.499999999994,162.499999999994,0.0,SYSTEM_SHUTDOWN,151,CLOSED
19,RELIANCE,NSE,MultiFactor,STRONG_LONG,2026-06-18T09:43:03.661088,2026-06-18T09:44:07.593106,75,1328.1,1326.6,1326.67,1330.95,80.0,HIGH,625.0,0.625,-112.5,-112.5,0.0,STOP_LOSS,63,CLOSED
20,GRASIM,NSE,MultiFactor,LONG,2026-06-18T10:01:00.395386,2026-06-18T10:11:51.085386,32,3123.0,3118.0,3118.97,3131.06,60.0,MEDIUM,500.0,0.5,-160.0,-160.0,0.0,STOP_LOSS,650,CLOSED
21,INFY,NSE,MultiFactor,LONG,2026-06-18T10:01:00.470098,2026-06-18T10:10:06.624727,88,1132.1,1135.5,1130.43,1135.44,60.0,MEDIUM,500.0,0.5,299.200000000008,299.200000000008,0.0,TARGET,546,CLOSED
22,TRENT,NSE,MultiFactor,LONG,2026-06-18T10:01:00.642142,2026-06-18T10:13:44.253665,31,3167.2,3152.3,3155.31,3190.99,60.0,MEDIUM,500.0,0.5,-461.899999999989,-461.899999999989,0.0,STOP_LOSS,763,CLOSED
23,EICHERMOT,NSE,MultiFactor,LONG,2026-06-18T10:01:00.877352,2026-06-18T10:04:34.740144,13,7597.0,7625.0,7583.07,7624.86,60.0,MEDIUM,500.0,0.5,364.0,364.0,0.0,TARGET,213,CLOSED
24,TCS,NSE,MultiFactor,LONG,2026-06-18T10:01:01.079493,2026-06-18T10:09:02.299066,45,2200.0,2205.6,2197.62,2204.76,60.0,MEDIUM,500.0,0.5,251.999999999996,251.999999999996,0.0,TARGET,481,CLOSED
25,HDFCBANK,NSE,MultiFactor,LONG,2026-06-18T10:05:00.192906,2026-06-18T10:29:03.609512,124,800.6,800.55,799.06,803.68,60.0,MEDIUM,500.0,0.5,-6.20000000000846,-6.20000000000846,0.0,STOP_LOSS,1443,CLOSED
26,HDFCLIFE,NSE,MultiFactor,SHORT,2026-06-18T10:09:02.367036,2026-06-18T10:18:38.736500,169,589.65,587.3,590.76,587.44,-60.0,MEDIUM,500.0,0.5,397.150000000004,397.150000000004,0.0,TARGET,576,CLOSED
27,ASIANPAINT,NSE,MultiFactor,STRONG_LONG,2026-06-18T10:11:00.244188,2026-06-18T10:12:52.374505,36,2749.5,2746.7,2746.82,2754.86,80.0,HIGH,625.0,0.625,-100.800000000007,-100.800000000007,0.0,STOP_LOSS,112,CLOSED
28,LT,NSE,MultiFactor,SHORT,2026-06-18T10:12:00.114789,2026-06-18T10:26:29.929340,23,4204.6,4194.2,4209.27,4195.27,-50.0,MEDIUM,250.0,0.25,239.200000000013,239.200000000013,0.0,TARGET,869,CLOSED
29,BAJAJFINSV,NSE,MultiFactor,SHORT,2026-06-18T10:13:00.205566,2026-06-18T10:33:32.528068,56,1762.0,1762.1,1764.35,1757.3,-50.0,MEDIUM,250.0,0.25,-5.59999999999491,-5.59999999999491,0.0,STOP_LOSS,1232,CLOSED
30,TMPV,NSE,MultiFactor,SHORT,2026-06-18T10:19:00.398830,2026-06-18T10:38:14.397791,275,363.5,362.35,364.02,362.47,-50.0,MEDIUM,250.0,0.25,316.249999999994,316.249999999994,0.0,TARGET,1153,CLOSED
31,EICHERMOT,NSE,MultiFactor,SHORT,2026-06-18T10:19:00.513129,2026-06-18T10:35:18.266877,13,7599.5,7615.0,7614.17,7570.15,-50.0,MEDIUM,250.0,0.25,-201.5,-201.5,0.0,STOP_LOSS,977,CLOSED
32,TRENT,NSE,MultiFactor,SHORT,2026-06-18T10:27:00.196200,2026-06-18T10:38:32.701903,23,3144.7,3155.4,3155.35,3123.39,-50.0,MEDIUM,250.0,0.25,-246.100000000006,-246.100000000006,0.0,STOP_LOSS,692,CLOSED
33,HCLTECH,NSE,MultiFactor,STRONG_LONG,2026-06-18T10:30:00.261979,2026-06-18T10:40:38.950610,85,1166.0,1164.0,1164.01,1169.98,80.0,HIGH,625.0,0.625,-170.0,-170.0,0.0,STOP_LOSS,638,CLOSED
34,LT,NSE,MultiFactor,SHORT,2026-06-18T10:34:00.177447,2026-06-18T10:39:41.039868,23,4195.1,4187.1,4198.7,4187.91,-60.0,MEDIUM,500.0,0.5,184.0,184.0,0.0,TARGET,340,CLOSED
35,APOLLOHOSP,NSE,MultiFactor,STRONG_LONG,2026-06-18T10:39:00.401858,2026-06-18T10:50:54.094656,11,8446.5,8434.0,8435.18,8469.15,80.0,HIGH,625.0,0.625,-137.5,-137.5,0.0,STOP_LOSS,713,CLOSED
36,ETERNAL,NSE,MultiFactor,STRONG_LONG,2026-06-18T10:39:00.704584,2026-06-18T10:39:44.104632,387,258.0,257.5,257.59,258.82,70.0,HIGH,500.0,0.5,-193.5,-193.5,0.0,STOP_LOSS,43,CLOSED
37,ADANIPORTS,NSE,MultiFactor,SHORT,2026-06-18T10:39:00.862792,2026-06-18T10:39:32.869291,54,1830.4,1826.8,1832.19,1826.81,-60.0,MEDIUM,500.0,0.5,194.400000000007,194.400000000007,0.0,TARGET,32,CLOSED
38,TMPV,NSE,MultiFactor,SHORT,2026-06-18T10:40:00.560549,2026-06-18T10:46:44.373081,275,362.45,362.5,362.94,361.48,-50.0,MEDIUM,250.0,0.25,-13.7500000000031,-13.7500000000031,0.0,STOP_LOSS,403,CLOSED
39,TCS,NSE,MultiFactor,SHORT,2026-06-18T10:40:00.678554,2026-06-18T10:45:20.188503,45,2202.5,2206.3,2206.06,2195.38,-50.0,MEDIUM,250.0,0.25,-171.000000000008,-171.000000000008,0.0,STOP_LOSS,319,CLOSED
40,HDFCBANK,NSE,MultiFactor,SHORT,2026-06-18T10:40:00.781558,2026-06-18T10:45:39.500505,125,798.1,798.1,799.08,796.15,-50.0,MEDIUM,250.0,0.25,0.0,0.0,0.0,STOP_LOSS,338,CLOSED
41,TITAN,NSE,MultiFactor,SHORT,2026-06-18T10:41:00.288814,2026-06-18T10:43:55.962099,22,4350.5,4357.2,4356.08,4339.33,-60.0,MEDIUM,500.0,0.5,-147.399999999996,-147.399999999996,0.0,STOP_LOSS,175,CLOSED
42,INFY,NSE,MultiFactor,LONG,2026-06-18T10:46:00.110723,2026-06-18T11:13:25.967252,88,1135.0,1133.1,1133.27,1138.46,50.0,MEDIUM,250.0,0.25,-167.200000000008,-167.200000000008,0.0,STOP_LOSS,1645,CLOSED
43,HINDALCO,NSE,MultiFactor,SHORT,2026-06-18T10:46:00.531729,2026-06-18T10:52:48.707014,99,1007.9,1009.2,1008.96,1005.77,-50.0,MEDIUM,250.0,0.25,-128.700000000007,-128.700000000007,0.0,STOP_LOSS,408,CLOSED
44,TATASTEEL,NSE,MultiFactor,SHORT,2026-06-18T10:46:00.580723,2026-06-18T11:12:26.923312,503,198.64,198.22,198.83,198.25,-60.0,MEDIUM,500.0,0.5,211.259999999994,211.259999999994,0.0,TARGET,1586,CLOSED
45,BAJFINANCE,NSE,MultiFactor,SHORT,2026-06-18T10:47:00.142225,2026-06-18T11:07:00.087672,104,954.2,954.6,955.52,951.57,-50.0,MEDIUM,250.0,0.25,-41.5999999999976,-41.5999999999976,0.0,STOP_LOSS,1199,CLOSED
46,INDIGO,NSE,MultiFactor,SHORT,2026-06-18T10:51:00.202834,2026-06-18T11:17:15.276693,20,4893.9,4882.8,4898.61,4884.49,-50.0,MEDIUM,250.0,0.25,221.999999999989,221.999999999989,0.0,TARGET,1575,CLOSED
47,LT,NSE,MultiFactor,SHORT,2026-06-18T11:13:00.140260,2026-06-18T11:19:06.322786,23,4172.6,4173.0,4176.68,4164.43,-60.0,MEDIUM,500.0,0.5,-9.19999999999163,-9.19999999999163,0.0,STOP_LOSS,366,CLOSED
48,TITAN,NSE,MultiFactor,SHORT,2026-06-18T11:13:00.161377,2026-06-18T11:21:10.512510,22,4348.9,4349.6,4352.95,4340.81,-60.0,MEDIUM,500.0,0.5,-15.400000000016,-15.400000000016,0.0,STOP_LOSS,490,CLOSED
49,ONGC,NSE,MultiFactor,SHORT,2026-06-18T11:13:00.357113,2026-06-18T11:17:41.715087,408,245.0,245.0,245.24,244.52,-50.0,MEDIUM,250.0,0.25,0.0,0.0,0.0,STOP_LOSS,281,CLOSED
50,RELIANCE,NSE,MultiFactor,SHORT,2026-06-18T11:14:00.164388,2026-06-18T11:29:48.237362,75,1326.0,1326.1,1327.04,1323.92,-50.0,MEDIUM,250.0,0.25,-7.49999999999318,-7.49999999999318,0.0,STOP_LOSS,948,CLOSED
51,SUNPHARMA,NSE,MultiFactor,SHORT,2026-06-18T11:18:00.176764,2026-06-18T11:49:02.161159,55,1816.1,1812.7,1817.8,1812.71,-50.0,MEDIUM,250.0,0.25,186.999999999992,186.999999999992,0.0,TARGET,1861,CLOSED
52,HDFCBANK,NSE,MultiFactor,SHORT,2026-06-18T11:18:00.227267,2026-06-18T11:24:04.285612,125,798.0,798.1,799.05,795.9,-50.0,MEDIUM,250.0,0.25,-12.5000000000028,-12.5000000000028,0.0,STOP_LOSS,364,CLOSED
53,AXISBANK,NSE,MultiFactor,STRONG_LONG,2026-06-18T11:20:00.180049,2026-06-18T11:31:05.781842,73,1355.2,1355.2,1353.39,1358.81,80.0,HIGH,625.0,0.625,0.0,0.0,0.0,STOP_LOSS,665,CLOSED
54,INFY,NSE,MultiFactor,SHORT,2026-06-18T11:22:00.196126,2026-06-18T11:29:19.775962,88,1130.9,1130.9,1132.48,1127.74,-50.0,MEDIUM,250.0,0.25,0.0,0.0,0.0,STOP_LOSS,439,CLOSED
55,INFY,NSE,MultiFactor,SHORT,2026-06-18T11:30:00.399114,2026-06-18T15:25:00.326515,69,1130.8,1127.1,1134.39,1123.62,-50.0,MEDIUM,250.0,0.25,255.300000000003,255.300000000003,0.0,FORCE_EXIT,14099,CLOSED
56,TCS,NSE,MultiFactor,SHORT,2026-06-18T11:30:00.499207,2026-06-18T12:08:25.519923,45,2185.7,2187.7,2188.86,2179.38,-50.0,MEDIUM,250.0,0.25,-90.0,-90.0,0.0,STOP_LOSS,2305,CLOSED
57,MAXHEALTH,NSE,MultiFactor,STRONG_LONG,2026-06-18T11:30:00.594857,2026-06-18T11:32:03.918207,92,1082.1,1087.95,1079.74,1086.83,70.0,HIGH,500.0,0.5,538.200000000013,538.200000000013,0.0,TARGET,123,CLOSED
58,HDFCLIFE,NSE,MultiFactor,LONG,2026-06-18T11:31:05.846800,2026-06-18T12:05:12.449313,170,588.15,590.4,587.16,590.14,60.0,MEDIUM,500.0,0.5,382.5,382.5,0.0,TARGET,2046,CLOSED
59,MAXHEALTH,NSE,MultiFactor,LONG,2026-06-18T11:32:04.012091,2026-06-18T11:32:32.473274,92,1086.6,1083.5,1083.96,1091.89,60.0,MEDIUM,500.0,0.5,-285.199999999992,-285.199999999992,0.0,STOP_LOSS,28,CLOSED
60,BEL,NSE,MultiFactor,STRONG_LONG,2026-06-18T11:33:00.164511,2026-06-18T11:36:07.593955,235,425.05,426.35,424.49,426.17,70.0,HIGH,500.0,0.5,305.500000000003,305.500000000003,0.0,TARGET,187,CLOSED
61,HDFCBANK,NSE,MultiFactor,SHORT,2026-06-18T11:37:00.112851,2026-06-18T12:01:37.086900,125,796.45,796.45,797.41,794.52,-50.0,MEDIUM,250.0,0.25,0.0,0.0,0.0,STOP_LOSS,1476,CLOSED
62,SBILIFE,NSE,MultiFactor,SHORT,2026-06-18T11:49:02.245433,2026-06-18T11:52:05.013043,55,1799.0,1799.0,1800.54,1795.92,-50.0,MEDIUM,250.0,0.25,0.0,0.0,0.0,STOP_LOSS,182,CLOSED
63,SBIN,NSE,MultiFactor,STRONG_LONG,2026-06-18T11:53:00.040958,2026-06-18T12:00:29.069730,95,1044.1,1041.7,1041.89,1048.51,70.0,HIGH,500.0,0.5,-227.999999999987,-227.999999999987,0.0,STOP_LOSS,449,CLOSED
64,BAJFINANCE,NSE,MultiFactor,STRONG_LONG,2026-06-18T12:01:00.080898,2026-06-18T12:03:06.465394,104,954.95,953.4,953.47,957.91,80.0,HIGH,625.0,0.625,-161.200000000007,-161.200000000007,0.0,STOP_LOSS,126,CLOSED
65,RELIANCE,NSE,MultiFactor,SHORT,2026-06-18T12:02:00.255103,2026-06-18T12:04:48.046949,75,1325.1,1326.4,1326.08,1323.13,-50.0,MEDIUM,250.0,0.25,-97.5000000000136,-97.5000000000136,0.0,STOP_LOSS,167,CLOSED
66,ULTRACEMCO,NSE,MultiFactor,STRONG_LONG,2026-06-18T12:04:00.523832,2026-06-18T12:12:12.169276,8,11340.0,11363.0,11329.21,11361.58,80.0,HIGH,625.0,0.625,184.0,184.0,0.0,TARGET,491,CLOSED
67,TRENT,NSE,MultiFactor,STRONG_LONG,2026-06-18T12:05:00.499377,2026-06-18T12:08:39.769324,31,3182.3,3177.0,3177.47,3191.97,70.0,HIGH,500.0,0.5,-164.300000000006,-164.300000000006,0.0,STOP_LOSS,219,CLOSED
68,ICICIBANK,NSE,MultiFactor,STRONG_LONG,2026-06-18T12:06:00.511274,2026-06-18T12:12:17.263100,74,1343.7,1341.6,1341.64,1347.81,70.0,HIGH,500.0,0.5,-155.40000000001,-155.40000000001,0.0,STOP_LOSS,376,CLOSED
69,HINDUNILVR,NSE,MultiFactor,STRONG_LONG,2026-06-18T12:09:00.282593,2026-06-18T12:35:08.647397,45,2208.6,2213.0,2206.44,2212.91,80.0,HIGH,625.0,0.625,198.000000000004,198.000000000004,0.0,TARGET,1568,CLOSED
70,GRASIM,NSE,MultiFactor,STRONG_LONG,2026-06-18T12:09:00.298232,2026-06-18T12:09:41.806418,32,3122.5,3120.0,3120.53,3126.45,70.0,HIGH,500.0,0.5,-80.0,-80.0,0.0,STOP_LOSS,41,CLOSED
71,ITC,NSE,MultiFactor,LONG,2026-06-18T12:13:00.178296,2026-06-18T12:27:08.846175,345,289.15,290.1,288.83,289.79,60.0,MEDIUM,500.0,0.5,327.750000000016,327.750000000016,0.0,TARGET,848,CLOSED
72,M&M,NSE,MultiFactor,LONG,2026-06-18T12:13:00.262948,2026-06-18T12:15:27.289441,31,3139.0,3144.0,3136.55,3143.91,60.0,MEDIUM,500.0,0.5,155.0,155.0,0.0,TARGET,147,CLOSED
73,MAXHEALTH,NSE,MultiFactor,STRONG_LONG,2026-06-18T12:13:00.432265,2026-06-18T12:15:21.180002,92,1083.95,1081.55,1081.77,1088.32,70.0,HIGH,500.0,0.5,-220.800000000008,-220.800000000008,0.0,STOP_LOSS,140,CLOSED
74,M&M,NSE,MultiFactor,STRONG_LONG,2026-06-18T12:16:00.225687,2026-06-18T12:18:26.400582,31,3143.5,3148.8,3140.9,3148.71,80.0,HIGH,625.0,0.625,164.300000000006,164.300000000006,0.0,TARGET,146,CLOSED
75,INDIGO,NSE,MultiFactor,STRONG_LONG,2026-06-18T12:16:00.331904,2026-06-18T12:17:49.737205,20,4930.7,4944.5,4924.05,4944.0,70.0,HIGH,500.0,0.5,276.000000000004,276.000000000004,0.0,TARGET,109,CLOSED
76,EICHERMOT,NSE,MultiFactor,STRONG_LONG,2026-06-18T12:18:00.142583,2026-06-18T12:20:18.188714,13,7628.5,7627.0,7620.95,7643.6,80.0,HIGH,625.0,0.625,-19.5,-19.5,0.0,STOP_LOSS,138,CLOSED
77,TITAN,NSE,MultiFactor,STRONG_LONG,2026-06-18T12:19:00.141015,2026-06-18T12:21:58.702873,22,4354.1,4350.2,4350.32,4361.66,70.0,HIGH,500.0,0.5,-85.800000000012,-85.800000000012,0.0,STOP_LOSS,178,CLOSED
78,SBILIFE,NSE,MultiFactor,SHORT,2026-06-18T12:21:00.256945,2026-06-18T12:22:30.170072,55,1799.5,1795.6,1801.36,1795.78,-50.0,MEDIUM,250.0,0.25,214.500000000005,214.500000000005,0.0,TARGET,89,CLOSED
79,NTPC,NSE,MultiFactor,STRONG_LONG,2026-06-18T12:22:00.125452,2026-06-18T12:25:32.246741,280,357.05,357.85,356.65,357.85,80.0,HIGH,625.0,0.625,224.000000000003,224.000000000003,0.0,TARGET,212,CLOSED
80,HDFCBANK,NSE,MultiFactor,SHORT,2026-06-18T12:23:00.217108,2026-06-18T12:24:41.366049,125,796.35,797.45,797.43,794.19,-50.0,MEDIUM,250.0,0.25,-137.500000000003,-137.500000000003,0.0,STOP_LOSS,101,CLOSED
81,JIOFIN,NSE,MultiFactor,STRONG_LONG,2026-06-18T12:25:00.093810,2026-06-18T12:36:03.366936,410,243.57,243.55,243.39,243.93,80.0,HIGH,625.0,0.625,-8.19999999999254,-8.19999999999254,0.0,STOP_LOSS,663,CLOSED
82,SHRIRAMFIN,NSE,MultiFactor,SHORT,2026-06-18T12:26:00.149481,2026-06-18T12:28:49.452719,99,1003.4,1004.4,1004.39,1001.41,-60.0,MEDIUM,500.0,0.5,-99.0,-99.0,0.0,STOP_LOSS,169,CLOSED
83,SBIN,NSE,MultiFactor,LONG,2026-06-18T12:28:00.277304,2026-06-18T12:31:15.806163,96,1039.9,1038.5,1038.52,1042.65,50.0,MEDIUM,250.0,0.25,-134.400000000009,-134.400000000009,0.0,STOP_LOSS,195,CLOSED
84,WIPRO,NSE,MultiFactor,SHORT,2026-06-18T12:29:00.216241,2026-06-18T12:34:26.031816,547,182.69,182.34,182.85,182.36,-60.0,MEDIUM,500.0,0.5,191.449999999997,191.449999999997,0.0,TARGET,325,CLOSED
85,ADANIPORTS,NSE,MultiFactor,STRONG_LONG,2026-06-18T12:32:00.053256,2026-06-18T12:36:19.631632,54,1832.4,1832.1,1830.01,1837.18,80.0,HIGH,625.0,0.625,-16.2000000000098,-16.2000000000098,0.0,STOP_LOSS,259,CLOSED
86,INDIGO,NSE,MultiFactor,STRONG_LONG,2026-06-18T12:35:00.326634,2026-06-18T13:51:27.247674,20,4942.7,4969.6,4929.94,4968.23,80.0,HIGH,625.0,0.625,538.000000000011,538.000000000011,0.0,TARGET,4586,CLOSED
87,ITC,NSE,MultiFactor,LONG,2026-06-18T12:36:00.312414,2026-06-18T12:53:45.125735,344,290.3,289.95,289.96,290.99,60.0,MEDIUM,500.0,0.5,-120.400000000008,-120.400000000008,0.0,STOP_LOSS,1064,CLOSED
88,BAJFINANCE,NSE,MultiFactor,SHORT,2026-06-18T12:37:00.200474,2026-06-18T12:49:29.115300,104,953.95,955.2,955.16,951.52,-50.0,MEDIUM,250.0,0.25,-130.0,-130.0,0.0,STOP_LOSS,748,CLOSED
89,TATACONSUM,NSE,MultiFactor,SHORT,2026-06-18T12:37:00.237308,2026-06-18T12:39:36.884845,90,1110.7,1112.1,1111.74,1108.61,-50.0,MEDIUM,250.0,0.25,-125.999999999988,-125.999999999988,0.0,STOP_LOSS,156,CLOSED
90,WIPRO,NSE,MultiFactor,SHORT,2026-06-18T13:52:00.325641,2026-06-18T14:32:28.420717,549,182.11,182.25,182.3,181.73,-50.0,MEDIUM,250.0,0.25,-76.8599999999925,-76.8599999999925,0.0,STOP_LOSS,2428,CLOSED
91,HDFCBANK,NSE,MultiFactor,SHORT,2026-06-18T13:52:00.528762,2026-06-18T14:30:51.625278,125,795.55,793.7,796.48,793.7,-50.0,MEDIUM,250.0,0.25,231.249999999989,231.249999999989,0.0,TARGET,2331,CLOSED
92,INDIGO,NSE,MultiFactor,STRONG_LONG,2026-06-18T13:52:00.622542,2026-06-18T13:54:14.888308,20,4969.0,4981.5,4963.24,4980.51,70.0,HIGH,500.0,0.5,250.0,250.0,0.0,TARGET,134,CLOSED
93,NTPC,NSE,MultiFactor,STRONG_LONG,2026-06-18T13:52:00.731913,2026-06-18T14:09:13.009006,275,362.9,362.3,362.33,364.05,70.0,HIGH,500.0,0.5,-164.999999999991,-164.999999999991,0.0,STOP_LOSS,1032,CLOSED
94,SBIN,NSE,MultiFactor,LONG,2026-06-18T13:55:00.106899,2026-06-18T14:05:30.076907,96,1040.65,1043.0,1039.53,1042.9,60.0,MEDIUM,500.0,0.5,225.599999999991,225.599999999991,0.0,TARGET,629,CLOSED
95,TITAN,NSE,MultiFactor,LONG,2026-06-18T14:06:00.202312,2026-06-18T14:17:45.842192,22,4356.0,4351.5,4351.61,4364.78,50.0,MEDIUM,250.0,0.25,-99.0,-99.0,0.0,STOP_LOSS,705,CLOSED
96,BHARTIARTL,NSE,MultiFactor,SHORT,2026-06-18T14:10:00.320526,2026-06-18T14:19:52.242888,53,1867.2,1869.0,1868.76,1864.09,-50.0,MEDIUM,250.0,0.25,-95.3999999999976,-95.3999999999976,0.0,STOP_LOSS,591,CLOSED
97,TATASTEEL,NSE,MultiFactor,STRONG_LONG,2026-06-18T14:18:00.210157,2026-06-18T14:23:50.817166,500,200.0,200.36,199.84,200.32,80.0,HIGH,625.0,0.625,180.000000000007,180.000000000007,0.0,TARGET,350,CLOSED
98,M&M,NSE,MultiFactor,STRONG_LONG,2026-06-18T14:24:00.158614,2026-06-18T14:30:09.964036,31,3142.2,3139.0,3139.16,3148.28,70.0,HIGH,500.0,0.5,-99.1999999999944,-99.1999999999944,0.0,STOP_LOSS,369,CLOSED
99,TATASTEEL,NSE,MultiFactor,LONG,2026-06-18T14:24:00.286178,2026-06-18T14:24:33.765326,498,200.43,200.17,200.23,200.83,60.0,MEDIUM,500.0,0.5,-129.48000000001,-129.48000000001,0.0,STOP_LOSS,33,CLOSED
100,SBIN,NSE,MultiFactor,STRONG_LONG,2026-06-18T14:25:00.076392,2026-06-18T14:27:25.937170,95,1044.0,1044.0,1043.25,1045.5,70.0,HIGH,500.0,0.5,0.0,0.0,0.0,STOP_LOSS,145,CLOSED
101,BEL,NSE,MultiFactor,SHORT,2026-06-18T14:28:00.172892,2026-06-18T14:35:45.336663,234,427.25,427.25,427.7,426.35,-50.0,MEDIUM,250.0,0.25,0.0,0.0,0.0,STOP_LOSS,465,CLOSED
102,ADANIENT,NSE,MultiFactor,SHORT,2026-06-18T14:31:00.194150,2026-06-18T14:35:34.124024,33,2948.8,2953.2,2952.78,2940.84,-50.0,MEDIUM,250.0,0.25,-145.199999999988,-145.199999999988,0.0,STOP_LOSS,273,CLOSED
103,HINDUNILVR,NSE,MultiFactor,SHORT,2026-06-18T14:31:00.310149,2026-06-18T14:31:15.064412,45,2204.2,2205.4,2205.15,2202.3,-50.0,MEDIUM,250.0,0.25,-54.0000000000123,-54.0000000000123,0.0,STOP_LOSS,14,CLOSED
104,TITAN,NSE,MultiFactor,STRONG_LONG,2026-06-18T14:32:00.135915,2026-06-18T14:37:54.929638,22,4356.9,4355.4,4352.53,4365.64,70.0,HIGH,500.0,0.5,-33.0,-33.0,0.0,STOP_LOSS,354,CLOSED
105,HDFCBANK,NSE,MultiFactor,SHORT,2026-06-18T14:33:00.473474,2026-06-18T14:35:39.212934,125,794.0,794.9,794.86,792.28,-50.0,MEDIUM,250.0,0.25,-112.499999999997,-112.499999999997,0.0,STOP_LOSS,158,CLOSED
106,M&M,NSE,MultiFactor,STRONG_LONG,2026-06-18T14:36:00.033384,2026-06-18T14:41:19.704280,31,3140.8,3137.2,3137.65,3147.09,70.0,HIGH,500.0,0.5,-111.600000000011,-111.600000000011,0.0,STOP_LOSS,319,CLOSED
107,TCS,NSE,MultiFactor,STRONG_LONG,2026-06-18T14:36:00.058609,2026-06-18T14:38:06.139234,45,2194.1,2192.2,2192.28,2197.74,80.0,HIGH,625.0,0.625,-85.5000000000041,-85.5000000000041,0.0,STOP_LOSS,126,CLOSED
108,INDIGO,NSE,MultiFactor,STRONG_LONG,2026-06-18T14:36:00.212204,2026-06-18T14:41:43.203971,20,4993.0,5009.0,4985.33,5008.34,70.0,HIGH,500.0,0.5,320.0,320.0,0.0,TARGET,342,CLOSED
109,AXISBANK,NSE,MultiFactor,SHORT,2026-06-18T14:38:00.556748,2026-06-18T14:41:59.446954,73,1357.4,1358.6,1358.6,1354.99,-50.0,MEDIUM,250.0,0.25,-87.5999999999867,-87.5999999999867,0.0,STOP_LOSS,238,CLOSED
110,ADANIENT,NSE,MultiFactor,SHORT,2026-06-18T14:39:00.392050,2026-06-18T14:48:45.495632,33,2951.0,2955.7,2954.66,2943.67,-50.0,MEDIUM,250.0,0.25,-155.099999999994,-155.099999999994,0.0,STOP_LOSS,585,CLOSED
111,BHARTIARTL,NSE,MultiFactor,STRONG_LONG,2026-06-18T14:42:00.138240,2026-06-18T15:02:08.595990,53,1869.5,1869.3,1867.81,1872.88,80.0,HIGH,625.0,0.625,-10.6000000000024,-10.6000000000024,0.0,STOP_LOSS,1208,CLOSED
112,POWERGRID,NSE,MultiFactor,STRONG_LONG,2026-06-18T14:42:00.351128,2026-06-18T14:54:23.831371,348,286.9,287.65,286.55,287.61,80.0,HIGH,625.0,0.625,261.0,261.0,0.0,TARGET,743,CLOSED
113,TITAN,NSE,MultiFactor,STRONG_LONG,2026-06-18T14:42:00.669880,2026-06-18T15:03:27.401618,22,4377.0,4390.6,4370.3,4390.4,70.0,HIGH,500.0,0.5,299.200000000008,299.200000000008,0.0,TARGET,1286,CLOSED
114,BAJAJFINSV,NSE,MultiFactor,STRONG_LONG,2026-06-18T14:49:00.246982,2026-06-18T14:58:52.081317,56,1759.0,1762.7,1757.18,1762.64,80.0,HIGH,625.0,0.625,207.200000000003,207.200000000003,0.0,TARGET,591,CLOSED
115,TRENT,NSE,MultiFactor,STRONG_LONG,2026-06-18T14:55:00.104304,2026-06-18T15:25:00.326515,31,3172.5,3182.0,3160.59,3196.32,70.0,HIGH,500.0,0.5,294.5,294.5,0.0,FORCE_EXIT,1800,CLOSED
116,BAJAJFINSV,NSE,MultiFactor,LONG,2026-06-18T14:59:00.202294,2026-06-18T15:00:37.978283,56,1762.8,1766.3,1761.06,1766.29,60.0,MEDIUM,500.0,0.5,196.0,196.0,0.0,TARGET,97,CLOSED
117,BAJFINANCE,NSE,MultiFactor,STRONG_LONG,2026-06-18T15:01:00.082106,2026-06-18T15:08:58.420449,104,956.95,959.85,955.78,959.29,80.0,HIGH,625.0,0.625,301.599999999998,301.599999999998,0.0,TARGET,478,CLOSED
118,TCS,NSE,MultiFactor,STRONG_LONG,2026-06-18T15:03:00.191636,2026-06-18T15:05:59.137095,45,2206.0,2203.0,2203.24,2211.52,80.0,HIGH,625.0,0.625,-135.0,-135.0,0.0,STOP_LOSS,178,CLOSED
119,POWERGRID,NSE,MultiFactor,STRONG_LONG,2026-06-18T15:04:00.297441,2026-06-18T15:09:05.544717,346,288.55,288.45,288.14,289.37,80.0,HIGH,625.0,0.625,-34.6000000000079,-34.6000000000079,0.0,STOP_LOSS,305,CLOSED
120,ONGC,NSE,MultiFactor,STRONG_LONG,2026-06-18T15:06:00.083655,2026-06-18T15:25:00.342159,407,245.45,245.45,245.05,246.25,80.0,HIGH,625.0,0.625,0.0,0.0,0.0,FORCE_EXIT,1140,CLOSED
121,M&M,NSE,MultiFactor,STRONG_LONG,2026-06-18T15:09:00.076291,2026-06-18T15:12:40.275307,31,3146.0,3141.3,3141.72,3154.57,70.0,HIGH,500.0,0.5,-145.699999999994,-145.699999999994,0.0,STOP_LOSS,220,CLOSED
122,ITC,NSE,MultiFactor,STRONG_LONG,2026-06-18T15:10:00.074161,2026-06-18T15:25:00.368011,343,291.25,291.2,290.82,292.1,80.0,HIGH,625.0,0.625,-17.1500000000039,-17.1500000000039,0.0,FORCE_EXIT,900,CLOSED
123,ADANIENT,NSE,MultiFactor,STRONG_LONG,2026-06-18T15:13:00.119938,2026-06-18T15:18:02.754316,33,3009.5,3026.0,3001.29,3025.91,80.0,HIGH,625.0,0.625,544.5,544.5,0.0,TARGET,302,CLOSED
124,TMPV,NSE,MultiFactor,LONG,2026-06-18T15:18:03.444279,2026-06-18T15:25:00.377100,274,364.95,365.0,364.49,365.86,60.0,MEDIUM,500.0,0.5,13.7000000000031,13.7000000000031,0.0,FORCE_EXIT,416,CLOSED
125,SBILIFE,NSE,MultiFactor,LONG,2026-06-18T15:25:00.384127,2026-06-18T15:25:01.407321,55,1810.0,1810.0,1808.44,1813.12,60.0,MEDIUM,500.0,0.5,0.0,0.0,0.0,FORCE_EXIT,1,CLOSED
126,BAJAJ-AUTO,NSE,MultiFactor,STRONG_LONG,2026-06-18T15:25:00.453208,2026-06-18T15:25:01.424911,9,10095.0,10095.0,10082.7,10119.59,80.0,HIGH,625.0,0.625,0.0,0.0,0.0,FORCE_EXIT,0,CLOSED
127,ITC,NSE,MultiFactor,STRONG_LONG,2026-06-18T15:25:00.589718,2026-06-18T15:25:01.428006,343,291.2,291.2,290.83,291.94,70.0,HIGH,500.0,0.5,0.0,0.0,0.0,FORCE_EXIT,0,CLOSED
128,AXISBANK,NSE,MultiFactor,STRONG_LONG,2026-06-18T15:25:00.683121,2026-06-18T15:25:01.442041,73,1360.6,1360.9,1359.14,1363.52,80.0,HIGH,625.0,0.625,21.9000000000133,21.9000000000133,0.0,FORCE_EXIT,0,CLOSED
129,NESTLEIND,NSE,MultiFactor,SHORT,2026-06-18T15:25:00.708297,2026-06-18T15:25:01.457686,71,1400.0,1399.9,1401.11,1397.79,-60.0,MEDIUM,500.0,0.5,7.09999999999354,7.09999999999354,0.0,FORCE_EXIT,0,CLOSED
130,BAJAJFINSV,NSE,MultiFactor,STRONG_LONG,2026-06-18T15:25:01.428006,2026-06-18T15:25:02.475189,56,1773.1,1773.1,1768.47,1782.36,80.0,HIGH,625.0,0.625,0.0,0.0,0.0,FORCE_EXIT,1,CLOSED
131,JIOFIN,NSE,MultiFactor,LONG,2026-06-18T15:25:01.542941,2026-06-18T15:25:02.487209,410,243.9,243.9,243.72,244.27,60.0,MEDIUM,500.0,0.5,0.0,0.0,0.0,FORCE_EXIT,0,CLOSED
132,SBIN,NSE,MultiFactor,STRONG_LONG,2026-06-18T15:25:01.608940,2026-06-18T15:25:02.502873,95,1043.0,1043.0,1040.35,1048.3,70.0,HIGH,500.0,0.5,0.0,0.0,0.0,FORCE_EXIT,0,CLOSED
133,SHRIRAMFIN,NSE,MultiFactor,LONG,2026-06-18T15:25:01.719290,2026-06-18T15:25:02.512431,99,1005.95,1005.95,1004.51,1008.82,60.0,MEDIUM,500.0,0.5,0.0,0.0,0.0,FORCE_EXIT,0,CLOSED
134,LT,NSE,MultiFactor,STRONG_LONG,2026-06-18T15:25:01.802835,2026-06-18T15:25:02.512431,23,4190.7,4190.7,4185.31,4201.48,70.0,HIGH,500.0,0.5,0.0,0.0,0.0,FORCE_EXIT,0,CLOSED
135,ADANIPORTS,NSE,MultiFactor,LONG,2026-06-18T15:25:02.553231,2026-06-18T15:25:03.534081,54,1845.9,1845.9,1844.06,1849.58,60.0,MEDIUM,500.0,0.5,0.0,0.0,0.0,FORCE_EXIT,0,CLOSED
136,DRREDDY,NSE,MultiFactor,STRONG_LONG,2026-06-18T15:25:02.594924,2026-06-18T15:25:03.548103,78,1267.7,1267.7,1266.5,1270.1,70.0,HIGH,500.0,0.5,0.0,0.0,0.0,FORCE_EXIT,0,CLOSED
137,POWERGRID,NSE,MultiFactor,LONG,2026-06-18T15:25:02.665894,2026-06-18T15:25:03.548103,346,288.9,288.9,288.65,289.41,60.0,MEDIUM,500.0,0.5,0.0,0.0,0.0,FORCE_EXIT,0,CLOSED
138,HDFCLIFE,NSE,MultiFactor,LONG,2026-06-18T15:25:02.716291,2026-06-18T15:25:03.563747,169,590.95,590.95,589.52,593.8,60.0,MEDIUM,500.0,0.5,0.0,0.0,0.0,FORCE_EXIT,0,CLOSED
139,CIPLA,NSE,MultiFactor,LONG,2026-06-18T15:25:02.766565,2026-06-18T15:25:03.573275,73,1357.2,1357.2,1355.97,1359.67,60.0,MEDIUM,500.0,0.5,0.0,0.0,0.0,FORCE_EXIT,0,CLOSED
140,ICICIBANK,NSE,MultiFactor,STRONG_LONG,2026-06-18T15:26:00.116276,2026-06-18T15:26:00.272030,74,1344.0,1344.0,1342.11,1347.77,70.0,HIGH,500.0,0.5,0.0,0.0,0.0,FORCE_EXIT,0,CLOSED
141,RELIANCE,NSE,MultiFactor,STRONG_LONG,2026-06-18T15:26:00.136036,2026-06-18T15:26:00.284039,75,1331.7,1331.7,1330.11,1334.88,70.0,HIGH,500.0,0.5,0.0,0.0,0.0,FORCE_EXIT,0,CLOSED
142,MAXHEALTH,NSE,MultiFactor,STRONG_LONG,2026-06-18T15:26:00.164030,2026-06-18T15:26:00.292030,91,1094.0,1094.0,1091.96,1098.08,70.0,HIGH,500.0,0.5,0.0,0.0,0.0,FORCE_EXIT,0,CLOSED
143,M&M,NSE,MultiFactor,SHORT,2026-06-18T15:26:00.240029,2026-06-18T15:26:00.301556,32,3123.9,3124.0,3128.06,3115.58,-50.0,MEDIUM,250.0,0.25,-3.19999999999709,-3.19999999999709,0.0,FORCE_EXIT,0,CLOSED
144,INFY,NSE,MultiFactor,SHORT,2026-06-18T15:26:00.329553,2026-06-18T15:26:01.324568,88,1127.1,1127.1,1128.52,1124.26,-50.0,MEDIUM,250.0,0.25,0.0,0.0,0.0,FORCE_EXIT,0,CLOSED
145,INDIGO,NSE,MultiFactor,STRONG_LONG,2026-06-18T15:26:00.480112,2026-06-18T15:26:01.332562,19,5011.7,5011.7,5005.72,5023.65,70.0,HIGH,500.0,0.5,0.0,0.0,0.0,FORCE_EXIT,0,CLOSED
146,TATACONSUM,NSE,MultiFactor,SHORT,2026-06-18T15:26:00.560113,2026-06-18T15:26:01.340561,90,1110.8,1110.8,1111.55,1109.3,-50.0,MEDIUM,250.0,0.25,0.0,0.0,0.0,FORCE_EXIT,0,CLOSED
147,TITAN,NSE,MultiFactor,LONG,2026-06-18T15:26:00.736659,2026-06-18T15:26:01.352562,22,4385.2,4385.2,4379.74,4396.11,50.0,MEDIUM,250.0,0.25,0.0,0.0,0.0,FORCE_EXIT,0,CLOSED
148,ULTRACEMCO,NSE,MultiFactor,LONG,2026-06-18T15:26:01.003879,2026-06-18T15:26:01.360568,8,11449.0,11449.0,11437.41,11472.18,60.0,MEDIUM,500.0,0.5,0.0,0.0,0.0,FORCE_EXIT,0,CLOSED
149,SHRIRAMFIN,NSE,MultiFactor,LONG,2026-06-18T15:26:01.419117,2026-06-18T15:26:02.389302,99,1006.8,1006.8,1005.34,1009.71,60.0,MEDIUM,500.0,0.5,0.0,0.0,0.0,FORCE_EXIT,0,CLOSED
150,LT,NSE,MultiFactor,STRONG_LONG,2026-06-18T15:26:01.497136,2026-06-18T15:26:02.389302,23,4191.4,4191.4,4186.05,4202.09,70.0,HIGH,500.0,0.5,0.0,0.0,0.0,FORCE_EXIT,0,CLOSED
151,EICHERMOT,NSE,MultiFactor,SHORT,2026-06-18T15:26:01.700181,2026-06-18T15:26:02.406019,13,7595.5,7595.5,7604.02,7578.45,-60.0,MEDIUM,500.0,0.5,0.0,0.0,0.0,FORCE_EXIT,0,CLOSED
152,KOTAKBANK,NSE,MultiFactor,LONG,2026-06-18T15:26:01.807963,2026-06-18T15:26:02.414528,248,402.9,402.9,402.58,403.55,60.0,MEDIUM,500.0,0.5,0.0,0.0,0.0,FORCE_EXIT,0,CLOSED
153,BHARTIARTL,NSE,MultiFactor,LONG,2026-06-18T15:26:01.925699,2026-06-18T15:26:02.414528,53,1876.0,1876.0,1874.18,1879.65,60.0,MEDIUM,500.0,0.5,0.0,0.0,0.0,FORCE_EXIT,0,CLOSED
154,ONGC,NSE,MultiFactor,LONG,2026-06-18T15:26:02.446353,2026-06-18T15:26:03.449827,407,245.45,245.45,245.15,246.05,60.0,MEDIUM,500.0,0.5,0.0,0.0,0.0,FORCE_EXIT,1,CLOSED
155,AXISBANK,NSE,MultiFactor,LONG,2026-06-18T15:26:02.527532,2026-06-18T15:26:03.457847,73,1360.3,1360.3,1358.85,1363.21,60.0,MEDIUM,500.0,0.5,0.0,0.0,0.0,FORCE_EXIT,0,CLOSED
156,ADANIPORTS,NSE,MultiFactor,LONG,2026-06-18T15:26:02.562283,2026-06-18T15:26:03.457847,54,1844.3,1844.3,1842.42,1848.06,60.0,MEDIUM,500.0,0.5,0.0,0.0,0.0,FORCE_EXIT,0,CLOSED
157,CIPLA,NSE,MultiFactor,LONG,2026-06-18T15:26:02.669641,2026-06-18T15:26:03.457847,73,1358.2,1358.2,1356.91,1360.79,60.0,MEDIUM,500.0,0.5,0.0,0.0,0.0,FORCE_EXIT,0,CLOSED
158,HINDALCO,NSE,MultiFactor,LONG,2026-06-18T15:26:02.728164,2026-06-18T15:26:03.471416,99,1009.8,1009.8,1008.78,1011.83,60.0,MEDIUM,500.0,0.5,0.0,0.0,0.0,FORCE_EXIT,0,CLOSED
159,INFY,NSE,MultiFactor,SHORT,2026-06-18T15:27:00.285631,2026-06-18T15:27:00.432330,88,1127.0,1127.0,1128.45,1124.1,-50.0,MEDIUM,250.0,0.25,0.0,0.0,0.0,FORCE_EXIT,0,CLOSED
160,INDIGO,NSE,MultiFactor,STRONG_LONG,2026-06-18T15:27:00.415245,2026-06-18T15:27:00.444417,19,5011.7,5011.8,5005.72,5023.65,70.0,HIGH,500.0,0.5,1.90000000000691,1.90000000000691,0.0,FORCE_EXIT,0,CLOSED
161,BAJAJFINSV,NSE,MultiFactor,LONG,2026-06-18T15:27:00.484339,2026-06-18T15:27:01.470292,56,1772.9,1772.9,1770.21,1778.29,60.0,MEDIUM,500.0,0.5,0.0,0.0,0.0,FORCE_EXIT,0,CLOSED
162,BAJFINANCE,NSE,MultiFactor,STRONG_LONG,2026-06-18T15:27:00.532086,2026-06-18T15:27:01.470292,104,959.25,959.25,957.72,962.31,70.0,HIGH,500.0,0.5,0.0,0.0,0.0,FORCE_EXIT,0,CLOSED
163,TRENT,NSE,MultiFactor,LONG,2026-06-18T15:27:00.624380,2026-06-18T15:27:01.492547,31,3180.2,3181.0,3175.39,3189.82,50.0,MEDIUM,250.0,0.25,24.8000000000056,24.8000000000056,0.0,FORCE_EXIT,0,CLOSED
164,RELIANCE,NSE,MultiFactor,STRONG_LONG,2026-06-18T15:27:00.689875,2026-06-18T15:27:01.492547,75,1332.0,1332.0,1330.44,1335.12,70.0,HIGH,500.0,0.5,0.0,0.0,0.0,FORCE_EXIT,0,CLOSED
165,ICICIBANK,NSE,MultiFactor,STRONG_LONG,2026-06-18T15:27:00.706619,2026-06-18T15:27:01.513275,74,1343.2,1343.2,1341.23,1347.13,70.0,HIGH,500.0,0.5,0.0,0.0,0.0,FORCE_EXIT,0,CLOSED
166,ONGC,NSE,MultiFactor,LONG,2026-06-18T15:27:01.513275,2026-06-18T15:27:02.535143,407,245.5,245.45,245.22,246.06,60.0,MEDIUM,500.0,0.5,-20.3500000000046,-20.3500000000046,0.0,FORCE_EXIT,1,CLOSED
167,WIPRO,NSE,MultiFactor,LONG,2026-06-18T15:27:01.538365,2026-06-18T15:27:02.535143,546,182.89,182.89,182.72,183.22,60.0,MEDIUM,500.0,0.5,0.0,0.0,0.0,FORCE_EXIT,0,CLOSED
168,KOTAKBANK,NSE,MultiFactor,LONG,2026-06-18T15:27:01.579201,2026-06-18T15:27:02.548654,248,403.0,402.95,402.68,403.64,60.0,MEDIUM,500.0,0.5,-12.4000000000028,-12.4000000000028,0.0,FORCE_EXIT,0,CLOSED
169,TATACONSUM,NSE,MultiFactor,SHORT,2026-06-18T15:27:01.716784,2026-06-18T15:27:02.548654,90,1110.3,1110.3,1111.05,1108.8,-50.0,MEDIUM,250.0,0.25,0.0,0.0,0.0,FORCE_EXIT,0,CLOSED
170,ULTRACEMCO,NSE,MultiFactor,LONG,2026-06-18T15:27:01.897842,2026-06-18T15:27:02.564296,8,11448.0,11448.0,11437.02,11469.96,60.0,MEDIUM,500.0,0.5,0.0,0.0,0.0,FORCE_EXIT,0,CLOSED
171,CIPLA,NSE,MultiFactor,LONG,2026-06-18T15:27:02.598966,2026-06-18T15:27:03.589687,73,1357.3,1357.6,1355.98,1359.94,60.0,MEDIUM,500.0,0.5,21.8999999999967,21.8999999999967,0.0,FORCE_EXIT,0,CLOSED
172,HINDALCO,NSE,MultiFactor,LONG,2026-06-18T15:27:02.649344,2026-06-18T15:27:03.589687,99,1009.7,1009.7,1008.74,1011.63,60.0,MEDIUM,500.0,0.5,0.0,0.0,0.0,FORCE_EXIT,0,CLOSED
173,HINDUNILVR,NSE,MultiFactor,LONG,2026-06-18T15:27:02.719023,2026-06-18T15:27:03.589687,45,2219.9,2218.8,2218.15,2223.39,60.0,MEDIUM,500.0,0.5,-49.4999999999959,-49.4999999999959,0.0,FORCE_EXIT,0,CLOSED
174,LT,NSE,MultiFactor,LONG,2026-06-18T15:28:00.033015,2026-06-18T15:28:00.405053,23,4191.5,4191.6,4186.64,4201.21,60.0,MEDIUM,500.0,0.5,2.30000000000837,2.30000000000837,0.0,FORCE_EXIT,0,CLOSED
175,ETERNAL,NSE,MultiFactor,STRONG_LONG,2026-06-18T15:28:00.351046,2026-06-18T15:28:00.415044,385,259.1,259.15,258.71,259.87,80.0,HIGH,625.0,0.625,19.2499999999825,19.2499999999825,0.0,FORCE_EXIT,0,CLOSED
176,SUNPHARMA,NSE,MultiFactor,STRONG_LONG,2026-06-18T15:28:00.453044,2026-06-18T15:28:01.441611,54,1827.2,1827.2,1824.83,1831.93,80.0,HIGH,625.0,0.625,0.0,0.0,0.0,FORCE_EXIT,0,CLOSED
177,WIPRO,NSE,MultiFactor,LONG,2026-06-18T15:28:00.553044,2026-06-18T15:28:01.450611,546,182.89,182.89,182.73,183.21,60.0,MEDIUM,500.0,0.5,0.0,0.0,0.0,FORCE_EXIT,0,CLOSED
178,BAJFINANCE,NSE,MultiFactor,STRONG_LONG,2026-06-18T15:28:00.619565,2026-06-18T15:28:01.459611,104,959.85,959.85,958.34,962.87,70.0,HIGH,500.0,0.5,0.0,0.0,0.0,FORCE_EXIT,0,CLOSED
179,SHRIRAMFIN,NSE,MultiFactor,STRONG_LONG,2026-06-18T15:28:00.676564,2026-06-18T15:28:01.468613,99,1006.6,1006.8,1005.05,1009.7,80.0,HIGH,625.0,0.625,19.7999999999932,19.7999999999932,0.0,FORCE_EXIT,0,CLOSED
180,TRENT,NSE,MultiFactor,STRONG_LONG,2026-06-18T15:28:00.768564,2026-06-18T15:28:01.477611,31,3180.9,3180.9,3176.17,3190.37,70.0,HIGH,500.0,0.5,0.0,0.0,0.0,FORCE_EXIT,0,CLOSED
181,MAXHEALTH,NSE,MultiFactor,LONG,2026-06-18T15:28:01.509611,2026-06-18T15:28:02.510906,91,1093.25,1093.25,1091.35,1097.05,60.0,MEDIUM,500.0,0.5,0.0,0.0,0.0,FORCE_EXIT,1,CLOSED
182,TATACONSUM,NSE,MultiFactor,SHORT,2026-06-18T15:28:01.523611,2026-06-18T15:28:02.510906,90,1110.3,1110.3,1111.01,1108.88,-60.0,MEDIUM,500.0,0.5,0.0,0.0,0.0,FORCE_EXIT,0,CLOSED
183,ULTRACEMCO,NSE,MultiFactor,LONG,2026-06-18T15:28:01.712611,2026-06-18T15:28:02.526563,8,11445.0,11445.0,11434.27,11466.46,60.0,MEDIUM,500.0,0.5,0.0,0.0,0.0,FORCE_EXIT,0,CLOSED
184,NESTLEIND,NSE,MultiFactor,SHORT,2026-06-18T15:28:01.781611,2026-06-18T15:28:02.539646,71,1399.9,1399.9,1401.02,1397.65,-60.0,MEDIUM,500.0,0.5,0.0,0.0,0.0,FORCE_EXIT,0,CLOSED
185,EICHERMOT,NSE,MultiFactor,SHORT,2026-06-18T15:28:01.933611,2026-06-18T15:28:02.551283,13,7590.0,7590.0,7599.31,7571.38,-60.0,MEDIUM,500.0,0.5,0.0,0.0,0.0,FORCE_EXIT,0,CLOSED
186,COALINDIA,NSE,MultiFactor,STRONG_LONG,2026-06-18T15:28:02.576940,2026-06-18T15:28:03.571842,220,452.75,452.75,452.35,453.54,70.0,HIGH,500.0,0.5,0.0,0.0,0.0,FORCE_EXIT,0,CLOSED
187,MARUTI,NSE,MultiFactor,LONG,2026-06-18T15:28:02.707005,2026-06-18T15:28:03.571842,7,13495.0,13496.0,13485.03,13514.94,60.0,MEDIUM,500.0,0.5,7.0,7.0,0.0,FORCE_EXIT,0,CLOSED
188,M&M,NSE,MultiFactor,SHORT,2026-06-18T15:29:00.397290,2026-06-18T15:29:00.440847,31,3125.6,3125.6,3129.93,3116.94,-60.0,MEDIUM,500.0,0.5,0.0,0.0,0.0,FORCE_EXIT,0,CLOSED
189,ICICIBANK,NSE,MultiFactor,SHORT,2026-06-18T15:29:00.454851,2026-06-18T15:29:01.459847,74,1341.1,1341.1,1343.07,1337.16,-50.0,MEDIUM,250.0,0.25,0.0,0.0,0.0,FORCE_EXIT,1,CLOSED
190,MAXHEALTH,NSE,MultiFactor,LONG,2026-06-18T15:29:00.589848,2026-06-18T15:29:01.468847,91,1093.8,1093.8,1091.91,1097.57,60.0,MEDIUM,500.0,0.5,0.0,0.0,0.0,FORCE_EXIT,0,CLOSED
191,TITAN,NSE,MultiFactor,LONG,2026-06-18T15:29:00.773847,2026-06-18T15:29:01.478846,22,4389.8,4389.8,4384.18,4401.05,60.0,MEDIUM,500.0,0.5,0.0,0.0,0.0,FORCE_EXIT,0,CLOSED
192,WIPRO,NSE,MultiFactor,LONG,2026-06-18T15:29:00.897846,2026-06-18T15:29:01.488847,546,182.95,182.95,182.79,183.26,60.0,MEDIUM,500.0,0.5,0.0,0.0,0.0,FORCE_EXIT,0,CLOSED
193,ULTRACEMCO,NSE,MultiFactor,LONG,2026-06-18T15:29:01.032847,2026-06-18T15:29:01.502892,8,11456.0,11456.0,11444.43,11479.14,60.0,MEDIUM,500.0,0.5,0.0,0.0,0.0,FORCE_EXIT,0,CLOSED
194,BAJFINANCE,NSE,MultiFactor,LONG,2026-06-18T15:29:01.631847,2026-06-18T15:29:02.529996,104,959.2,959.2,957.66,962.28,60.0,MEDIUM,500.0,0.5,0.0,0.0,0.0,FORCE_EXIT,0,CLOSED
195,KOTAKBANK,NSE,MultiFactor,LONG,2026-06-18T15:29:01.848370,2026-06-18T15:29:02.536930,248,402.95,402.95,402.62,403.61,60.0,MEDIUM,500.0,0.5,0.0,0.0,0.0,FORCE_EXIT,0,CLOSED
196,ETERNAL,NSE,MultiFactor,STRONG_LONG,2026-06-18T15:29:01.874370,2026-06-18T15:29:02.545889,386,258.75,258.75,258.34,259.57,80.0,HIGH,625.0,0.625,0.0,0.0,0.0,FORCE_EXIT,0,CLOSED
197,JIOFIN,NSE,MultiFactor,STRONG_LONG,2026-06-18T15:29:02.100888,2026-06-18T15:29:02.554899,408,244.95,244.95,244.69,245.47,80.0,HIGH,625.0,0.625,0.0,0.0,0.0,FORCE_EXIT,0,CLOSED
198,ADANIENT,NSE,MultiFactor,STRONG_LONG,2026-06-18T15:29:02.202888,2026-06-18T15:29:02.562889,32,3036.0,3036.0,3026.97,3054.07,70.0,HIGH,500.0,0.5,0.0,0.0,0.0,FORCE_EXIT,0,CLOSED
199,POWERGRID,NSE,MultiFactor,LONG,2026-06-18T15:29:02.589887,2026-06-18T15:29:03.581637,345,289.15,289.15,288.92,289.61,60.0,MEDIUM,500.0,0.5,0.0,0.0,0.0,FORCE_EXIT,0,CLOSED
200,TRENT,NSE,MultiFactor,STRONG_LONG,2026-06-18T15:29:02.697744,2026-06-18T15:29:03.587149,31,3181.5,3181.1,3176.89,3190.72,70.0,HIGH,500.0,0.5,-12.4000000000028,-12.4000000000028,0.0,FORCE_EXIT,0,CLOSED
201,RELIANCE,NSE,MultiFactor,STRONG_LONG,2026-06-18T15:29:02.765845,2026-06-18T15:29:03.587149,75,1331.9,1331.7,1330.27,1335.15,70.0,HIGH,500.0,0.5,-15.0000000000034,-15.0000000000034,0.0,FORCE_EXIT,0,CLOSED
202,CIPLA,NSE,MultiFactor,LONG,2026-06-18T15:29:03.000275,2026-06-18T15:29:03.587149,73,1358.0,1357.5,1356.68,1360.63,60.0,MEDIUM,500.0,0.5,-36.5,-36.5,0.0,FORCE_EXIT,0,CLOSED
203,HDFCBANK,NSE,MultiFactor,STRONG_LONG,2026-06-18T15:29:03.043805,2026-06-18T15:29:03.602850,124,800.3,800.5,799.18,802.54,70.0,HIGH,500.0,0.5,24.8000000000056,24.8000000000056,0.0,FORCE_EXIT,0,CLOSED
